CountryName,CountryCode,SeriesName,SeriesCode,1965,1970,1975,1980,1985,1990,1995,2000,2005,2010,2015,2020,2021,2022
American Samoa,ASM,"Birth rate, crude (per 1,000 people)",SP.DYN.CBRT.IN,..,..,..,..,..,..,..,..,..,18.7,..,12.7,..,13.8
American Samoa,ASM,"Death rate, crude (per 1,000 people)",SP.DYN.CDRT.IN,..,..,..,..,..,..,..,..,..,..,..,5.6,..,7.8
American Samoa,ASM,Net migration,SM.POP.NETM,-90,-308,-249,115,351,-251,-419,-1158,-1697,-1475,-1629,-1636,-1646,-810
American Samoa,ASM,Population growth (annual %),SP.POP.GROW,3.19266154842633,2.5398309365879,1.91522453936233,2.59058703358443,3.84212949822633,3.25193894169625,2.10625731450315,1.09822902395737,-0.647634575615904,-0.938173192497606,-1.63927018758043,-2.4212497099907,-2.53017092647207,-1.70649548061895
Andorra,AND,"Birth rate, crude (per 1,000 people)",SP.DYN.CBRT.IN,..,..,..,..,..,11.9,11,11.3,10.7,9.8,..,..,..,6.2
Andorra,AND,"Death rate, crude (per 1,000 people)",SP.DYN.CDRT.IN,..,..,..,..,..,..,..,..,3.6,2.8,..,..,..,4.6
Andorra,AND,Net migration,SM.POP.NETM,669,1132,1235,959,1219,1589,1588,146,2467,-2864,-232,1474,1377,200
Andorra,AND,Population growth (annual %),SP.POP.GROW,6.65312152542815,7.36974901413982,6.10520829188952,4.21262809362715,3.78693930383991,3.66933415966991,3.05109780206663,0.670960073758389,3.69143527252581,-3.20999418688968,0.174377690367456,1.76189129507448,1.70228822534561,0.994607149162366
Antigua and Barbuda,ATG,"Birth rate, crude (per 1,000 people)",SP.DYN.CBRT.IN,32.881,25.854,22.349,22.367,21.859,20.916,19.847,19.829,15.668,14.715,12.591,12.16,12.115,11.984
Antigua and Barbuda,ATG,"Death rate, crude (per 1,000 people)",SP.DYN.CDRT.IN,7.539,5.844,5.908,6.358,7.052,7.666,7.416,6.587,6.015,5.7,5.649,5.961,6.365,6.094
Antigua and Barbuda,ATG,Net migration,SM.POP.NETM,-553,-862,-1203,-828,-1302,-1145,528,271,202,295,60,0,0,0
Antigua and Barbuda,ATG,Population growth (annual %),SP.POP.GROW,1.65673059371627,1.20850689979081,-0.285373635225843,0.432439784927824,-0.481559093324989,-0.485177852283798,1.95769151764103,1.65779341376666,1.16870545018922,1.3640660545341,0.786935419380774,0.592053942582792,0.597151594527623,0.581875832853236
Aruba,ABW,"Birth rate, crude (per 1,000 people)",SP.DYN.CBRT.IN,27.889,22.974,21.393,21.931,20.919,18.662,15.991,14.427,12.348,12.193,12.428,8.102,7.193,7.178
Aruba,ABW,"Death rate, crude (per 1,000 people)",SP.DYN.CDRT.IN,6.216,5.88,5.699,6.06,6.498,7.1,6.366,6.335,6.839,6.745,7.968,9.69,11.235,11.084
Aruba,ABW,Net migration,SM.POP.NETM,-726,-1280,-281,-737,-746,879,1598,1235,579,498,177,0,501,164
Aruba,ABW,Population growth (annual %),SP.POP.GROW,1.03284091886278,-0.378263816895484,1.13796644720391,0.420043587504175,0.472593610369669,1.71290678473822,3.08406097784149,2.53923444445246,1.00307718391638,1.13154104048985,0.63795916173479,0.134255302359952,-0.0450446230906329,-0.0863922826549927
Australia,AUS,"Birth rate, crude (per 1,000 people)",SP.DYN.CBRT.IN,19.6,20.6,16.7,15.3,15.7,15.4,14.2,13,12.8,13.7,12.9,11.5,12.1,11.6
Australia,AUS,"Death rate, crude (per 1,000 people)",SP.DYN.CDRT.IN,8.8,9,7.8,7.3,6.6,7,6.9,6.7,6.4,6.5,6.6,6.3,6.7,7.3
Australia,AUS,Net migration,SM.POP.NETM,118655,258627,31122,86522,87895,95996,79727,109375,132109,166833,209466,117929,117929,139991
Australia,AUS,Population growth (annual %),SP.POP.GROW,1.95971689521361,1.97018887868806,1.23118588792285,1.21894271014757,1.33209683462492,1.48004693689661,1.11373422085118,1.14447285147721,1.21729073052406,1.55570626204128,1.43921665259925,1.23342825131378,0.14089508329287,1.27269881377618
Austria,AUT,"Birth rate, crude (per 1,000 people)",SP.DYN.CBRT.IN,17.9,15,12.4,12,11.6,11.8,11.2,9.8,9.5,9.4,9.8,9.4,9.6,9.1
Austria,AUT,"Death rate, crude (per 1,000 people)",SP.DYN.CDRT.IN,13,13.2,12.7,12.2,11.8,10.8,10.2,9.6,9.1,9.2,9.6,10.3,10.3,10.3
Austria,AUT,Net migration,SM.POP.NETM,10295,10360,-24472,9591,5834,59606,1447,17531,50282,22786,115125,20314,20314,19999
Austria,AUT,Population growth (annual %),SP.POP.GROW,0.649729875576735,0.349218946276921,-0.265319410736808,0.000105968279182431,0.0469509679089439,0.762001611316115,0.153106260702748,0.240466652446524,0.681267248299787,0.240394299500766,1.12099250236958,0.415176731565556,0.435671684056384,0.956287797076634
"Bahamas, The",BHS,"Birth rate, crude (per 1,000 people)",SP.DYN.CBRT.IN,33.65,29.667,24.703,23.866,23.904,24.119,23.025,18.215,17.269,14.858,12.812,11.49,11.445,11.379
"Bahamas, The",BHS,"Death rate, crude (per 1,000 people)",SP.DYN.CDRT.IN,7.235,6.637,6.131,6.362,5.996,5.855,5.91,5.706,5.818,6.269,6.724,8.076,8.986,7.298
"Bahamas, The",BHS,Net migration,SM.POP.NETM,2493,1518,323,369,470,241,463,843,800,1899,1001,0,485,1000
"Bahamas, The",BHS,Population growth (annual %),SP.POP.GROW,4.27658474295067,3.62896980047581,2.05888448144629,1.95232498288631,1.95817803162184,1.93451419718874,1.87251385991699,1.46976235766802,1.36492139898865,1.40695589315095,0.912227428271637,0.471994444906908,0.352416997336031,0.508137884368941
Bahrain,BHR,"Birth rate, crude (per 1,000 people)",SP.DYN.CBRT.IN,43.772,37.712,32.968,29.768,29.45,27.362,22.691,20.739,19.911,15.845,15.791,12.621,11.926,11.454
Bahrain,BHR,"Death rate, crude (per 1,000 people)",SP.DYN.CDRT.IN,10.032,6.904,4.944,3.842,3.415,3.206,2.896,2.595,2.308,1.883,2.109,2.239,2.479,2.476
Bahrain,BHR,Net migration,SM.POP.NETM,-421,-1060,6833,6613,4256,4605,7706,6264,53401,-17076,29250,-48716,-9150,0
Bahrain,BHR,Population growth (annual %),SP.POP.GROW,3.38547448899751,2.6678812397579,5.21546259736616,4.48353092867668,3.55195306993781,3.35452035445772,3.26346251160817,2.7515762605179,7.89520208580362,2.85774564487366,3.81660491261165,-1.12524267833833,-0.966024840061971,0.611005553402689
Barbados,BRB,"Birth rate, crude (per 1,000 people)",SP.DYN.CBRT.IN,25.397,20.398,18.682,18.41,17.12,15.622,14.714,13.955,13.371,12.115,11.095,10.859,10.832,10.783
Barbados,BRB,"Death rate, crude (per 1,000 people)",SP.DYN.CDRT.IN,8.423,8.59,8.482,8.178,9.042,9.701,9.863,9.47,9.218,9.037,8.772,8.973,9.007,9.114
Barbados,BRB,Net migration,SM.POP.NETM,-3243,-1995,-1256,-1410,-1548,-1295,-752,-833,-172,-36,-65,0,-28,-80
Barbados,BRB,Population growth (annual %),SP.POP.GROW,0.36246583618546,0.333201550622559,0.502698135956367,0.490603048828426,0.245346500136448,0.0421152689527813,0.225566157680382,0.18418126822941,0.361350772944923,0.335459437797166,0.212392263810218,0.182929163306018,0.180461453548187,0.154574639677083
Belgium,BEL,"Birth rate, crude (per 1,000 people)",SP.DYN.CBRT.IN,16.4,14.7,12.2,12.6,11.6,12.4,11.4,11.4,11.4,11.9,10.8,9.9,10.2,9.8
Belgium,BEL,"Death rate, crude (per 1,000 people)",SP.DYN.CDRT.IN,12.2,12.3,12.2,11.5,11.3,10.4,10.3,10.2,9.9,9.7,9.8,11,9.7,10
Belgium,BEL,Net migration,SM.POP.NETM,17110,15519,10637,5129,2743,6752,16528,32262,46280,54611,57008,53428,52356,23999
Belgium,BEL,Population growth (annual %),SP.POP.GROW,0.908137001686598,0.0986136915027669,0.288978161128393,0.110211165985901,0.029786422643661,0.298235706313592,0.209436838020324,0.242517956221334,0.550055708089009,0.913639391631709,0.579446241677791,0.430996815099722,0.411601996532257,0.856132433382837
Bermuda,BMU,"Birth rate, crude (per 1,000 people)",SP.DYN.CBRT.IN,..,20.3,..,14.9,..,14.6,13.3,13.5,13.1,12,9.4,8.4,7.7,7.5
Bermuda,BMU,"Death rate, crude (per 1,000 people)",SP.DYN.CDRT.IN,..,7.6,7.1,7.3,..,7.3,7.9,8,7.1,7.4,7.7,8.8,11.3,9.1
Bermuda,BMU,Net migration,SM.POP.NETM,405,240,-339,-158,-43,-96,-72,-67,-80,-216,-315,291,291,0
Bermuda,BMU,Population growth (annual %),SP.POP.GROW,2.42436116099929,1.83491386681966,-0.751883241402734,1.60416457391693,0.838331433559174,0.820876764965184,0.715572569423702,0.890208773614165,0.647413398667903,-0.783118104363585,0.151869636092964,-0.0281681326390652,-0.202104144558527,-0.265391686795242
British Virgin Islands,VGB,"Birth rate, crude (per 1,000 people)",SP.DYN.CBRT.IN,28.849,23.508,24.686,25.024,17.634,15.399,15.18,14.729,11.252,9.863,9.189,7.448,7.634,7.64
British Virgin Islands,VGB,"Death rate, crude (per 1,000 people)",SP.DYN.CDRT.IN,8.633,7.034,6.438,7.829,5.09,4.952,4.792,4.953,4.88,5.377,5.62,6.38,7.613,6.515
British Virgin Islands,VGB,Net migration,SM.POP.NETM,-75,216,-46,126,285,381,253,326,658,0,302,272,128,200
British Virgin Islands,VGB,Population growth (annual %),SP.POP.GROW,0.864287962933981,4.96411680659707,1.33152544888146,2.11970638293611,3.46017952218162,3.42615248692953,2.3992676545846,2.61037749426884,3.38472542151015,1.87551285025179,1.35422128878554,0.975300318670376,0.683520845329328,0.586286459995554
Brunei Darussalam,BRN,"Birth rate, crude (per 1,000 people)",SP.DYN.CBRT.IN,38.178,36.03,34.427,31.629,30.223,28.466,22.9,19.012,17.138,17.128,16.546,14.165,13.8,13.493
Brunei Darussalam,BRN,"Death rate, crude (per 1,000 people)",SP.DYN.CDRT.IN,8.278,6.75,5.339,4.573,4.168,3.87,3.532,3.331,3.438,3.751,4.29,4.975,5.211,5.431
Brunei Darussalam,BRN,Net migration,SM.POP.NETM,1656,1484,744,993,1816,1670,1356,1660,1163,468,-485,-395,-192,0
Brunei Darussalam,BRN,Population growth (annual %),SP.POP.GROW,4.54230702214544,4.08007462865138,3.40132224970002,3.22842416914114,3.40554108355459,3.14403626597194,2.42367607464414,2.08216354349989,1.72066656308508,1.46041834447089,1.14093587780034,0.835902308961215,0.822461681539278,0.811520875721177
Bulgaria,BGR,"Birth rate, crude (per 1,000 people)",SP.DYN.CBRT.IN,15.3,16.3,16.6,14.5,13.3,12.1,8.6,9,9.3,10.2,9.2,8.5,8.5,8.8
Bulgaria,BGR,"Death rate, crude (per 1,000 people)",SP.DYN.CDRT.IN,8.2,9.1,10.3,11.1,12,12.5,13.6,14.1,14.8,14.9,15.3,18,21.7,18.4
Bulgaria,BGR,Net migration,SM.POP.NETM,1838,2745,-12089,-28047,-32050,-29479,-22495,-11295,-3832,-8686,-15356,-9902,-8716,-4800
Bulgaria,BGR,Population growth (annual %),SP.POP.GROW,0.731911035292208,0.654727362472727,0.482739307856323,0.40248874474625,-0.0014731135024134,-1.80375047906806,-0.44539850047226,-0.493896416633318,-0.752977445493645,-0.658275446635908,-0.638069468160719,-0.60024151846542,-0.814846471528947,-6.18725298204958
Canada,CAN,"Birth rate, crude (per 1,000 people)",SP.DYN.CBRT.IN,21.3,17.4,15.8,15.4,14.9,15,12.9,10.7,10.7,11.2,10.7,9.5,9.7,9
Canada,CAN,"Death rate, crude (per 1,000 people)",SP.DYN.CDRT.IN,7.6,7.3,7.3,7.1,7,7.3,7.2,7.1,7.1,7.1,7.4,8.1,8.2,8.6
Canada,CAN,Net migration,SM.POP.NETM,103588,295787,130169,101270,39796,145270,137472,201617,204710,227724,232738,195181,195181,248586
Canada,CAN,Population growth (annual %),SP.POP.GROW,1.81016659700882,1.39783160033129,1.45942491323998,1.28959497847156,0.91377427539001,1.50766067284807,1.03476948386834,0.931281553452429,0.94708626967041,1.11135202971694,0.760300145238936,1.08436897113225,0.553902422386893,1.81192255344382
Cayman Islands,CYM,"Birth rate, crude (per 1,000 people)",SP.DYN.CBRT.IN,..,..,..,..,17.6,18.6,14.9,15.4,15.7,14.8,11,12.4,12.4,11.7
Cayman Islands,CYM,"Death rate, crude (per 1,000 people)",SP.DYN.CDRT.IN,..,..,..,..,5.6,4.1,3.4,3.4,3.8,3,2.9,3.3,4,4.5
Cayman Islands,CYM,Net migration,SM.POP.NETM,59,297,463,567,602,1010,1099,1020,985,895,1079,766,276,400
Cayman Islands,CYM,Population growth (annual %),SP.POP.GROW,2.09307457656919,3.39899477293462,5.0030872620657,4.31394926606177,4.21659742518106,4.47487011364269,4.31085120631692,3.49733538150567,3.13242221135563,2.75993369995976,2.24463644959813,1.76406837687354,1.21820372930296,0.83308238204777
Channel Islands,CHI,"Birth rate, crude (per 1,000 people)",SP.DYN.CBRT.IN,15.7795736380103,14.4211300546267,12.3266320128488,11.9311788973622,12.2292993630573,13.1933627783586,12.8929074979482,11.4310489587491,10.970861550911,11.1385113392339,10.0622726431963,10.0109284507898,10.1168036228233,10.2194980439915
Channel Islands,CHI,"Death rate, crude (per 1,000 people)",SP.DYN.CDRT.IN,11.8869304723422,12.6939001512359,12.4136621490114,11.821790223778,10.9404271262645,9.90746865242779,9.77840753652874,8.93287269624104,8.30442482571984,8.23918487507408,8.47771132622233,8.47393243061603,8.44900771934701,8.21466115958846
Channel Islands,CHI,Net migration,SM.POP.NETM,833,896,852,108,1135,864,-375,60,817,737,1396,1362,1242,900
Channel Islands,CHI,Population growth (annual %),SP.POP.GROW,1.0821896288202,0.929073008597964,0.720190186801496,0.104755436927051,0.975896662419292,0.981321462903155,0.0652574358742919,0.341241968130063,0.815852624411776,0.77530181672538,0.791085579747361,1.00023446187106,0.913338674061597,0.80516754536027
Chile,CHL,"Birth rate, crude (per 1,000 people)",SP.DYN.CBRT.IN,32.357,28.76,25.477,23.294,22.521,22.19,19.155,15.963,14.169,14.327,13.211,11.834,11.788,11.755
Chile,CHL,"Death rate, crude (per 1,000 people)",SP.DYN.CDRT.IN,9.755,8.365,6.806,6.212,5.732,5.625,5.352,4.959,5.301,5.962,6.121,7.221,7.426,7.199
Chile,CHL,Net migration,SM.POP.NETM,-34847,-36078,-30556,-30275,-24137,-5253,2490,5790,14336,26064,55709,98439,113709,-66850
Chile,CHL,Population growth (annual %),SP.POP.GROW,1.90679370428949,1.68596543180719,1.58004267962206,1.45340087643096,1.45983532243265,1.61875060800777,1.44005433972801,1.14904172536735,0.97751001174206,1.0090337555584,1.02942555374852,1.36064363430941,0.994344898418259,0.565514127974157
Croatia,HRV,"Birth rate, crude (per 1,000 people)",SP.DYN.CBRT.IN,16.6,13.8,14.9,14.8,13.3,11.6,10.9,9.8,9.563,9.8,8.9,8.9,9.4,8.8
Croatia,HRV,"Death rate, crude (per 1,000 people)",SP.DYN.CDRT.IN,9.3,10,10.1,10.9,11.1,10.9,10.9,11.2,11.656,11.8,12.9,14.1,16.2,14.8
Croatia,HRV,Net migration,SM.POP.NETM,-420,-4120,-6653,5588,15822,-7183,-52246,-50791,-3834,-5624,-13408,-11592,-10402,-2000
Croatia,HRV,Population growth (annual %),SP.POP.GROW,0.657318059279203,0.471663946773186,0.475900351929317,0.108846981129012,0.450494712765103,0.211805086145315,-0.690119513541903,-0.986434858645568,0.128732789322745,-0.226821270818422,-0.824099163913538,-0.433210220837755,-4.25713872008371,-0.603521952188318
Curacao,CUW,"Birth rate, crude (per 1,000 people)",SP.DYN.CBRT.IN,28.593,24.646,21.139,20.556,20.878,20.212,17.185,15.371,14.673,13.6,11.9,8.7,8.6,8.2
Curacao,CUW,"Death rate, crude (per 1,000 people)",SP.DYN.CDRT.IN,7.368,6.707,6.34,6.337,6.586,6.864,7.349,8.084,8.49,8.4,8.8,9.3,11.1,9.3
Curacao,CUW,Net migration,SM.POP.NETM,-1031,-1044,-1889,-1997,-2427,-2447,-3075,-2632,1460,1499,844,997,502,515
Curacao,CUW,Population growth (annual %),SP.POP.GROW,1.57819186815029,1.50218612026628,0.523061566354982,0.128425253885878,0.506154022821026,-1.05153583877637,0.351314684120746,-4.07538613162288,2.55007380740239,1.26551415533004,1.31959390251523,-1.59676619476798,-1.6777912474095,-1.56965834139861
Cyprus,CYP,"Birth rate, crude (per 1,000 people)",SP.DYN.CBRT.IN,24.811,22.791,17.201,20.013,20.363,19.265,15.763,12.655,11.882,12.045,11.208,10.583,10.313,10.023
Cyprus,CYP,"Death rate, crude (per 1,000 people)",SP.DYN.CDRT.IN,8.864,9.113,9.44,9.03,8.969,8.835,8.078,7.458,6.889,6.412,6.358,6.93,7.257,6.971
Cyprus,CYP,Net migration,SM.POP.NETM,-4748,-5021,-4819,301,3567,2551,11179,11577,13237,12456,4655,2999,1995,5000
Cyprus,CYP,Population growth (annual %),SP.POP.GROW,0.814360720819285,0.62350265585546,-0.557065744166412,1.14232983393901,1.65175024334007,1.39304413756299,2.10616492997985,1.77009330000432,1.78801171115289,1.67026099599159,0.870039642466962,0.705573414651573,0.535999429698235,0.585013504929064
Czechia,CZE,"Birth rate, crude (per 1,000 people)",SP.DYN.CBRT.IN,15.1,15,19.1,14.9,13.1,12.6,9.3,8.9,10,11.2,10.5,10.3,10.6,9.5
Czechia,CZE,"Death rate, crude (per 1,000 people)",SP.DYN.CDRT.IN,10.7,12.5,12.4,13.2,12.7,12.5,11.4,10.6,10.6,10.2,10.5,12.1,13.3,11.3
Czechia,CZE,Net migration,SM.POP.NETM,-7987,-10433,-3733,-33,-487,-4187,6465,4195,24895,34805,5297,3621,3621,22011
Czechia,CZE,Population growth (annual %),SP.POP.GROW,0.528566072575263,-0.38987323824066,0.699965181580971,0.115087337589653,0.0668204351778328,-0.267830773210837,-0.0613140627238111,-0.280414108078884,0.138325980046718,0.29136167418042,0.196588748472653,0.243222682211879,-1.81187141002542,1.5709725672011
Denmark,DNK,"Birth rate, crude (per 1,000 people)",SP.DYN.CBRT.IN,18,14.4,14.2,11.2,10.5,12.3,13.3,12.6,11.9,11.4,10.2,10.4,10.8,9.9
Denmark,DNK,"Death rate, crude (per 1,000 people)",SP.DYN.CDRT.IN,10.1,9.8,10.1,10.9,11.4,11.9,12.1,10.9,10.1,9.8,9.2,9.4,9.8,10.1
Denmark,DNK,Net migration,SM.POP.NETM,1584,3763,4643,2904,3498,9449,14157,12536,11693,17037,22368,23076,22746,19999
Denmark,DNK,Population growth (annual %),SP.POP.GROW,0.779239735049149,0.751422718375473,0.28826879589183,0.121603620045595,0.0405268892260381,0.162456320242469,0.520962181078711,0.334233618829261,0.275481733409308,0.444197154509531,0.706423849687002,0.291641177476633,0.433414489409722,0.787502464739957
Estonia,EST,"Birth rate, crude (per 1,000 people)",SP.DYN.CBRT.IN,14.6,15.8,14.9,15,15.5,14.2,9.4,9.4,10.6,11.9,10.6,9.9,10,8.6
Estonia,EST,"Death rate, crude (per 1,000 people)",SP.DYN.CDRT.IN,10.4,11.2,11.6,12.3,12.7,12.4,14.5,13.2,12.8,11.9,11.6,11.9,14,12.8
Estonia,EST,Net migration,SM.POP.NETM,8941,6294,6670,4505,5033,-2798,-12803,-3230,-5242,-3759,4308,2995,2995,-1000
Estonia,EST,Population growth (annual %),SP.POP.GROW,1.35945837225877,1.09614545086791,0.785459176187127,0.60335223799787,0.667063356294738,0.0664901906843683,-1.78539953576165,0.483707161729931,-0.572255524659659,-0.22805796852935,0.0655525295417938,0.197559185177642,0.105996956310127,1.33655151148286
Faroe Islands,FRO,"Birth rate, crude (per 1,000 people)",SP.DYN.CBRT.IN,..,21.1,19.2,17.1,16.3,19.8,14.8,15.3,14.7,13.2,12.5,13.1,13,11.8
Faroe Islands,FRO,"Death rate, crude (per 1,000 people)",SP.DYN.CDRT.IN,..,7.4,6.9,7.1,7.5,7.5,8.4,7.8,8.6,7.2,7.8,7,8.1,9.1
Faroe Islands,FRO,Net migration,SM.POP.NETM,-64,-101,-61,112,29,-1147,97,332,-151,-116,542,498,0,0
Faroe Islands,FRO,Population growth (annual %),SP.POP.GROW,1.3991667155873,1.05984479577241,1.08149293914069,1.28098993357559,0.97013218146087,-0.0231654540938459,-0.741451722816404,1.00591847845505,0.627338991367072,-0.0392403891899056,0.721624002974263,1.41026007721943,0.900256782879419,0.379320886225017
Finland,FIN,"Birth rate, crude (per 1,000 people)",SP.DYN.CBRT.IN,17.1,14,13.9,13.2,12.8,13.1,12.3,11,11,11.4,10.1,8.4,9,8.1
Finland,FIN,"Death rate, crude (per 1,000 people)",SP.DYN.CDRT.IN,9.7,9.6,9.3,9.3,9.8,10,9.6,9.5,9.1,9.5,9.6,10,10.4,11.4
Finland,FIN,Net migration,SM.POP.NETM,-21466,-36633,-3788,-2259,2343,8864,4250,2428,9406,14053,12433,17482,14928,13999
Finland,FIN,Population growth (annual %),SP.POP.GROW,0.333374795369662,-0.378718237915962,0.443863075666863,0.311078415926419,0.41706890447956,0.443382073914297,0.381655333457214,0.2076065154133,0.342248594286999,0.457494535465831,0.329383885818507,0.143641197212847,0.207288594407348,0.271944526506117
France,FRA,"Birth rate, crude (per 1,000 people)",SP.DYN.CBRT.IN,18.2,17,15,14,14.2,13.4,12.8,13.3,12.8,12.9,12,10.9,11,10.6
France,FRA,"Death rate, crude (per 1,000 people)",SP.DYN.CDRT.IN,11.1,10.8,10.4,10.2,9.8,9.3,9.1,8.9,8.5,8.5,8.9,9.9,9.8,9.8
France,FRA,Net migration,SM.POP.NETM,202497,135988,60976,53403,50391,11404,11505,102857,155943,86355,18807,18335,20614,66601
France,FRA,Population growth (annual %),SP.POP.GROW,1.1197366100284,0.876601787959927,0.560965240039259,0.544610151588893,0.520173569535788,0.480817154251958,0.363543327562364,0.686782586857032,0.749918325024531,0.492821125690305,0.355569240058298,0.271350507669993,0.285508618638434,0.305015246719983
French Polynesia,PYF,"Birth rate, crude (per 1,000 people)",SP.DYN.CBRT.IN,40.956,38.18,32.826,29.576,31.102,28.663,22.624,20.628,17.492,17.38,15.037,12.924,12.759,12.55
French Polynesia,PYF,"Death rate, crude (per 1,000 people)",SP.DYN.CDRT.IN,8.73,7.624,6.573,5.214,3.877,3.275,2.822,2.284,2.696,2.84,3.037,3.859,5.376,3.64
French Polynesia,PYF,Net migration,SM.POP.NETM,369,556,832,1198,-520,-904,-919,-460,-93,-2613,-1676,-378,-378,-100
French Polynesia,PYF,Population growth (annual %),SP.POP.GROW,3.5925582565507,3.52915853683088,3.25922256657448,3.12174197452453,2.39111099419685,2.16356665184733,1.63966664159689,1.6498682624854,1.45972803316776,0.531736671222477,0.65811880076494,0.732338551627656,0.697087740409896,0.736349222896672
Germany,DEU,"Birth rate, crude (per 1,000 people)",SP.DYN.CBRT.IN,17.4,13.4,9.9,11.1,10.5,11.4,9.4,9.3,8.3,8.3,9,9.3,9.6,8.8
Germany,DEU,"Death rate, crude (per 1,000 people)",SP.DYN.CDRT.IN,12,12.5,12.6,12.2,12,11.6,10.8,10.2,10.1,10.5,11.3,11.9,12.3,12.7
Germany,DEU,Net migration,SM.POP.NETM,170903,168468,63902,-9445,214794,479954,330244,60905,102694,267047,397921,334055,312735,154592
Germany,DEU,Population growth (annual %),SP.POP.GROW,0.85319043680184,0.332661392813347,-0.372846359360899,0.207430406185115,-0.223489901582361,0.861969448764933,0.293904443716697,0.135431600393084,-0.0567782618352031,-0.153198446937304,0.865702643950251,0.0816931586494595,0.0423270572552137,0.720875455989295
Gibraltar,GIB,"Birth rate, crude (per 1,000 people)",SP.DYN.CBRT.IN,25.687,20.933,18.866,21.344,18.191,17.226,17.64,13.015,11.266,11.959,13.604,10.844,10.714,10.564
Gibraltar,GIB,"Death rate, crude (per 1,000 people)",SP.DYN.CDRT.IN,8.225,8.194,8.041,7.407,6.887,7.359,8.639,6.637,7.145,7.678,8.606,8.685,11.546,8.511
Gibraltar,GIB,Net migration,SM.POP.NETM,156,152,-120,-300,-466,-666,-150,-147,328,325,-101,-58,-58,-24
Gibraltar,GIB,Population growth (annual %),SP.POP.GROW,2.38282852669328,1.97936335198728,0.695941968029767,0.404520010398403,-0.39678448214817,-1.34898873232267,0.475372965264868,0.16595717785441,1.51719659598826,1.42719195710431,0.209321014679146,0.0734012327661469,-0.122365336936279,-0.0612388640957491
Greece,GRC,"Birth rate, crude (per 1,000 people)",SP.DYN.CBRT.IN,17.7,16.5,15.7,15.4,11.7,10,9.6,9.6,9.8,10.3,8.5,7.9,8.1,7.3
Greece,GRC,"Death rate, crude (per 1,000 people)",SP.DYN.CDRT.IN,7.9,8.4,8.9,9.1,9.4,9.2,9.5,9.7,9.6,9.8,11.2,12.2,13.6,13.4
Greece,GRC,Net migration,SM.POP.NETM,-87226,-41226,21249,56793,66912,74412,69212,35798,-7559,-25002,-29315,-17853,-14806,5000
Greece,GRC,Population growth (annual %),SP.POP.GROW,0.467787696313794,0.228196508250718,0.938660353611257,0.98222001605907,0.388288979165941,1.05780801198192,0.467197289199787,0.409041838238246,0.293249074052818,0.128880432668041,-0.658861360878339,-0.214592106571664,-1.21680248998544,-1.35539459324563
Greenland,GRL,"Birth rate, crude (per 1,000 people)",SP.DYN.CBRT.IN,..,..,16.4,20.6,21.7,22.6,19.7,15.6,15.6,15.3,15.2,14.8,13.4,13.2
Greenland,GRL,"Death rate, crude (per 1,000 people)",SP.DYN.CDRT.IN,..,..,..,7.6,8.2,8.4,8.6,8,8.2,9,8.4,9.2,9.4,9.3
Greenland,GRL,Net migration,SM.POP.NETM,65,446,-19,0,-173,-672,-448,-264,-505,-443,-348,-150,-62,-100
Greenland,GRL,Population growth (annual %),SP.POP.GROW,4.16726964005681,3.2861664484001,0.20181641562372,1.20241929668018,0.944294080028209,0.54102927282477,0.539084863487637,0.178094437099469,0.0421622197627189,1.02802332572502,-0.322038549275343,0.252238303411568,0.506106194434674,0.0141200557976914
Guam,GUM,"Birth rate, crude (per 1,000 people)",SP.DYN.CBRT.IN,31.671,32.48,32.04,29.212,27.654,26.543,24.976,23.89,20.404,21.169,19.15,16.363,16.376,16.374
Guam,GUM,"Death rate, crude (per 1,000 people)",SP.DYN.CDRT.IN,5.971,5.427,5.123,4.502,4.481,4.486,4.636,4.663,4.303,4.947,5.958,7.178,7.337,6.55
Guam,GUM,Net migration,SM.POP.NETM,-429,-304,-592,135,-114,-570,-829,-1566,-2333,-1850,-1852,-244,-244,-500
Guam,GUM,Population growth (annual %),SP.POP.GROW,2.05702260425384,2.02027073175195,2.18395221283202,2.28921018461452,2.2632374198146,1.82764135724416,1.51108645940791,1.12562122360417,0.259412995547093,0.197277633521513,0.259298371028445,0.359326132872351,0.767004481277612,0.724496899820096
Guyana,GUY,"Birth rate, crude (per 1,000 people)",SP.DYN.CBRT.IN,39.092,35.939,32.936,30.774,30.773,29.117,28.135,25.772,22.994,21.705,21.31,20.473,20.298,19.897
Guyana,GUY,"Death rate, crude (per 1,000 people)",SP.DYN.CDRT.IN,9.571,9.03,8.73,8.502,8.533,8.358,8.023,7.399,7.414,7.399,7.431,8.026,9.987,9.762
Guyana,GUY,Net migration,SM.POP.NETM,-5611,-10098,-10226,-15059,-21225,-21639,-13242,-13176,-13000,-14327,-6524,802,-4316,-3900
Guyana,GUY,Population growth (annual %),SP.POP.GROW,2.21598227384661,1.33346728149114,1.06372578103416,0.475830088761782,-0.430819726222632,-0.770797136038007,0.285498467011669,0.136711368532353,-0.0940707231179221,-0.443706996010097,0.52000388065714,-0.194366443701065,0.919614738982755,0.515592544369467
"Hong Kong SAR, China",HKG,"Birth rate, crude (per 1,000 people)",SP.DYN.CBRT.IN,28.1,20,17.9,17,14,12,11.2,8.1,8.4,12.6,8.2,5.8,5,4.4
"Hong Kong SAR, China",HKG,"Death rate, crude (per 1,000 people)",SP.DYN.CDRT.IN,5,5.1,4.8,5,4.6,5.2,5.1,5.1,5.7,6,6.3,6.8,6.9,8.7
"Hong Kong SAR, China",HKG,Net migration,SM.POP.NETM,3559,-3703,48467,53964,26327,42265,30241,60719,75,10584,13061,0,0,19999
"Hong Kong SAR, China",HKG,Population growth (annual %),SP.POP.GROW,2.62739506314664,2.4314432025797,1.89611309962899,2.6700809652344,1.07425877163635,0.321315033221987,1.98013277729748,0.881594075853745,0.436871406105885,0.734446396338105,0.851197911086988,-0.358932661902885,-0.91177674914823,-0.907914524343304
Hungary,HUN,"Birth rate, crude (per 1,000 people)",SP.DYN.CBRT.IN,13.1,14.7,18.4,13.9,12.2,12.1,10.8,9.6,9.7,9,9.4,9.6,9.7,9.3
Hungary,HUN,"Death rate, crude (per 1,000 people)",SP.DYN.CDRT.IN,10.7,11.6,12.4,13.6,13.9,14,14.1,13.3,13.5,13,13.4,14.5,16.1,14.2
Hungary,HUN,Net migration,SM.POP.NETM,-1057,583,1861,-18988,-16765,17545,16934,15478,16615,11394,14166,9042,19870,616038
Hungary,HUN,Population growth (annual %),SP.POP.GROW,0.277287713495036,0.379781402332206,0.588081809047071,0.0650937293271125,-0.181847163431744,-1.03311729690015,-0.139220003601429,-0.259764908288633,-0.198878843237103,-0.226013875689698,-0.237855001984657,-0.215067837129585,-0.413751024472153,-0.690781547965424
Iceland,ISL,"Birth rate, crude (per 1,000 people)",SP.DYN.CBRT.IN,24.6,19.7,20.1,19.8,16,18.7,16,15.3,14.4,15.4,12.5,12.3,13.1,11.5
Iceland,ISL,"Death rate, crude (per 1,000 people)",SP.DYN.CDRT.IN,6.7,7.1,6.5,6.8,6.8,6.7,7.2,6.5,6.2,6.4,6.6,6.3,6.3,7
Iceland,ISL,Net migration,SM.POP.NETM,-273,-1701,-367,-601,-628,-969,-1413,1874,3918,-2077,1477,2573,622,380
Iceland,ISL,Population growth (annual %),SP.POP.GROW,1.73267831081437,0.524268807805472,1.27890788993302,1.05889641076766,0.787667614423245,0.777662198585402,0.542467997811547,1.36919283329812,1.58289197780465,-0.143903000294037,1.04194038662969,1.6230862512591,1.6393166402584,2.51377343254216
Ireland,IRL,"Birth rate, crude (per 1,000 people)",SP.DYN.CBRT.IN,22.1,21.8,21.1,21.7,17.6,15.1,13.5,14.4,14.8,16.5,13.9,11.2,12,11.2
Ireland,IRL,"Death rate, crude (per 1,000 people)",SP.DYN.CDRT.IN,11.5,11.4,10.4,9.8,9.4,8.9,8.9,8.2,6.8,6.1,6.4,6.5,6.8,6.9
Ireland,IRL,Net migration,SM.POP.NETM,-13782,-8610,14124,-2183,-15690,-8183,10186,31230,64192,-27110,13130,15320,15320,9999
Ireland,IRL,Population growth (annual %),SP.POP.GROW,0.374313833111706,0.835333131123753,1.64535365574099,1.15081833848717,0.16007346599323,0.0844130206737995,0.512695055318523,1.33304266586712,2.17870301355631,0.544884384079014,0.944845307474728,1.02911050277336,0.953878183519474,1.8505037841192
Isle of Man,IMN,"Birth rate, crude (per 1,000 people)",SP.DYN.CBRT.IN,13.54,16.272,12.218,11.937,11.864,12.932,12.403,11.33,11.541,12.826,9.586,8.605,8.529,8.584
Isle of Man,IMN,"Death rate, crude (per 1,000 people)",SP.DYN.CDRT.IN,17.555,17.455,16.819,16.3,16.498,14.76,14.261,12.885,10.719,9.97,10.905,10.414,10.604,10.461
Isle of Man,IMN,Net migration,SM.POP.NETM,657,1271,999,1121,159,1266,469,978,684,663,-231,235,517,340
Isle of Man,IMN,Population growth (annual %),SP.POP.GROW,0.923200809088128,2.19210401157457,1.2927451538505,1.33656092833688,-0.192433095789493,1.64712189796695,0.50509409512558,1.19018911438933,0.933640362384973,1.09510938916344,-0.361815200458878,0.134540647396739,0.257859199732084,0.303350115903421
Israel,ISR,"Birth rate, crude (per 1,000 people)",SP.DYN.CBRT.IN,25.8,26.1,27.6,24.3,23.5,22.2,21.1,21.7,20.8,21.8,21.3,19.2,19.7,19
Israel,ISR,"Death rate, crude (per 1,000 people)",SP.DYN.CDRT.IN,6.3,7.1,7.1,6.7,6.6,6.8,6.3,6,5.6,5.2,5.3,5.3,5.4,5.4
Israel,ISR,Net migration,SM.POP.NETM,58426,48257,6973,601,34721,57467,50609,27257,13756,9580,12049,16569,16856,9999
Israel,ISR,Population growth (annual %),SP.POP.GROW,3.49380513612804,3.31597634685525,2.28347158162025,2.4009504033329,1.7636300778012,3.09460300917429,2.66828695661805,2.64233191305756,1.76289766113006,1.82675240987847,1.98128897562083,1.76367939210866,1.68190551747412,1.96636884788361
Italy,ITA,"Birth rate, crude (per 1,000 people)",SP.DYN.CBRT.IN,19,16.7,14.9,11.3,10.2,10,9.2,9.5,9.6,9.5,8,6.8,6.8,6.7
Italy,ITA,"Death rate, crude (per 1,000 people)",SP.DYN.CDRT.IN,9.9,9.7,10,9.8,9.7,9.6,9.8,9.8,9.8,9.9,10.7,12.5,11.9,12.1
Italy,ITA,Net migration,SM.POP.NETM,-37417,-67909,46976,261163,-19940,21268,28851,49166,250910,270043,34031,28021,28021,58496
Italy,ITA,Population growth (annual %),SP.POP.GROW,0.842108616866269,0.528877031717835,0.597247218554801,0.20599975185947,0.0288999392122477,0.0837085729587984,0.00158856230917393,0.045303631138613,0.491389107503214,0.30759122234095,-0.0963761331392095,-0.487095091717782,-0.515599998844444,-0.326488181067642
Japan,JPN,"Birth rate, crude (per 1,000 people)",SP.DYN.CBRT.IN,18.6,18.8,17.1,13.6,11.9,10,9.6,9.5,8.4,8.5,8,6.8,6.6,6.3
Japan,JPN,"Death rate, crude (per 1,000 people)",SP.DYN.CDRT.IN,7.1,6.9,6.3,6.2,6.3,6.7,7.4,7.7,8.6,9.5,10.3,11.1,11.7,12.9
Japan,JPN,Net migration,SM.POP.NETM,49763,124197,22942,-30594,-8228,26291,38572,84477,153248,148460,150215,87584,87584,99994
Japan,JPN,Population growth (annual %),SP.POP.GROW,1.07670845932027,1.15164047221803,1.27270755263251,0.788153475885542,0.625935963624604,0.33178288536374,0.234590173412918,0.167275578113187,0.00939209655766336,0.0179605415195644,-0.106124993746747,-0.294194617750067,-0.459952415807642,-0.443851919148528
"Korea, Rep.",KOR,"Birth rate, crude (per 1,000 people)",SP.DYN.CBRT.IN,34.947,31.2,24.8,22.6,16.1,15.2,15.7,13.5,9,9.4,8.6,5.3,5.1,4.9
"Korea, Rep.",KOR,"Death rate, crude (per 1,000 people)",SP.DYN.CDRT.IN,10.074,8,7.7,7.3,5.9,5.6,5.3,5.2,5.1,5.1,5.4,5.9,6.2,7.3
"Korea, Rep.",KOR,Net migration,SM.POP.NETM,-111260,-28035,-37366,-132395,82082,69252,-230292,-72624,-36504,56092,266322,0,43440,29998
"Korea, Rep.",KOR,Population growth (annual %),SP.POP.GROW,2.54215095083813,2.18417394689467,1.68200005474822,1.55846267819582,0.984565597108821,0.985130494218767,1.00620085457685,0.836180864297766,0.211997784117548,0.49822508440111,0.527288497407793,0.137869266247028,-0.128757315474928,-0.187486566698935
Kuwait,KWT,"Birth rate, crude (per 1,000 people)",SP.DYN.CBRT.IN,46.377,44.863,40.223,35.66,30.717,22.158,24.013,21.617,22.085,21.203,16.892,11.797,10.41,9.727
Kuwait,KWT,"Death rate, crude (per 1,000 people)",SP.DYN.CDRT.IN,8.127,5.881,4.805,3.509,2.458,2.697,2.07,1.868,2.01,1.834,1.761,3.254,2.906,2.606
Kuwait,KWT,Net migration,SM.POP.NETM,30575,26616,30911,32491,25773,-1196051,1693,19193,68878,94736,259114,-254177,-36843,11999
Kuwait,KWT,Population growth (annual %),SP.POP.GROW,9.82672176262808,7.73329154612461,6.16930547377786,5.61745616011601,4.05077200038428,-27.7222248198714,0.856473402491306,3.01539399732843,3.73359223835884,5.15215597247121,3.83756936489801,-1.83282064689651,-2.5628080932518,0.44040518714903
Latvia,LVA,"Birth rate, crude (per 1,000 people)",SP.DYN.CBRT.IN,13.8,14.6,14.2,14.1,15.4,14.2,8.7,8.6,9.8,9.4,11.1,9.2,9.2,8.5
Latvia,LVA,"Death rate, crude (per 1,000 people)",SP.DYN.CDRT.IN,10.1,11.3,12.2,12.8,13.2,13.1,15.7,13.6,14.6,14.3,14.4,15.2,18.4,16.4
Latvia,LVA,Net migration,SM.POP.NETM,14864,12583,11464,11846,5557,-10252,-20017,-20514,-17620,-14321,-11163,-7381,-6815,-8466
Latvia,LVA,Population growth (annual %),SP.POP.GROW,1.12264639619669,0.680132523152894,0.774284540119002,0.229111154908763,0.654593344449627,-0.142736397581795,-1.42581081215727,-0.963935407092365,-1.08057145691172,-2.08130508988111,-0.818626340945853,-0.701211570733301,-0.843294678005026,-0.271369577775699
Liechtenstein,LIE,"Birth rate, crude (per 1,000 people)",SP.DYN.CBRT.IN,20.6,20,12.8,15.4,13.9,13.2,13.8,12.9,11,9.1,8.7,9.1,9.6,9.2
Liechtenstein,LIE,"Death rate, crude (per 1,000 people)",SP.DYN.CDRT.IN,8.1,7.7,7.5,6.9,6.4,6.8,7.3,7.3,6.2,6.6,6.7,8.2,6.9,7.1
Liechtenstein,LIE,Net migration,SM.POP.NETM,266,378,254,267,268,217,288,208,141,86,141,189,231,150
Liechtenstein,LIE,Population growth (annual %),SP.POP.GROW,2.41819321989917,2.55014179388971,1.71678036223655,1.5599179649036,1.37207302387443,1.42854570393901,1.44450397956995,1.25228247927372,0.879502933541775,0.701110398374398,0.695762433860479,0.709498302393315,0.727556393997221,0.735015942105173
Lithuania,LTU,"Birth rate, crude (per 1,000 people)",SP.DYN.CBRT.IN,18.1,17.7,15.7,15.2,16.5,15.4,11.4,9.8,8.9,9.9,10.8,9,8.3,7.8
Lithuania,LTU,"Death rate, crude (per 1,000 people)",SP.DYN.CDRT.IN,7.9,8.9,9.5,10.5,11.1,10.8,12.5,11.1,13.2,13.6,14.4,15.6,17,15.1
Lithuania,LTU,Net migration,SM.POP.NETM,-206,4818,9117,11762,7892,-7205,-20394,-31240,-35453,-28864,-18912,-12625,-11853,-15192
Lithuania,LTU,Population growth (annual %),SP.POP.GROW,1.22744551054822,1.03628102597155,0.844284714491626,0.451032941179723,0.859591157107066,0.367999030323355,-0.769728017770742,-0.703385440488978,-1.62840112593427,-2.09694341985475,-0.940753796646208,0.0267667582795671,0.212805429536827,1.09366808005007
Luxembourg,LUX,"Birth rate, crude (per 1,000 people)",SP.DYN.CBRT.IN,16,13,11.1,11.4,11.2,12.9,13.3,13.1,11.5,11.6,10.7,10.2,10.5,9.9
Luxembourg,LUX,"Death rate, crude (per 1,000 people)",SP.DYN.CDRT.IN,12.2,12.2,12.2,11.3,11,9.9,9.3,8.6,7.8,7.4,7,7.3,7,6.8
Luxembourg,LUX,Net migration,SM.POP.NETM,2182,835,2830,784,961,3925,4225,4407,6190,7793,11373,6952,6949,5222
Luxembourg,LUX,Population growth (annual %),SP.POP.GROW,1.1376686982108,0.493889466721461,1.09244783943894,0.355980931791434,0.193256818675591,1.25174570700817,1.40474246355929,1.34408299573143,1.53005466340868,1.8254058035237,2.35995118136865,1.66635867423273,1.51834936706612,2.01666790212729
"Macao SAR, China",MAC,"Birth rate, crude (per 1,000 people)",SP.DYN.CBRT.IN,20.799,10.658,10.72,15.955,23.436,20.078,14.018,8.364,7.223,9.561,11.634,10.128,10.114,10.044
"Macao SAR, China",MAC,"Death rate, crude (per 1,000 people)",SP.DYN.CDRT.IN,7.081,5.732,5.759,6.272,5.562,4.425,3.796,3.64,3.644,3.678,3.851,4.047,4.111,4.256
"Macao SAR, China",MAC,Net migration,SM.POP.NETM,5118,5236,-1513,-2496,6397,7443,3740,4134,11407,11168,6465,8441,4004,5000
"Macao SAR, China",MAC,Population growth (annual %),SP.POP.GROW,3.84698411607771,2.81667175011045,-0.146095020106937,-0.111215910855949,3.93783898171697,3.75020493940814,2.00205306797107,1.4877568229253,2.71551761234388,2.5950318244663,1.81601604156179,1.88522049742858,1.51504486448614,1.23914668361251
Malta,MLT,"Birth rate, crude (per 1,000 people)",SP.DYN.CBRT.IN,17.7,17.6,18.8,17.7,16.1,15.2,12.2,11.3,9.6,9.4,9.7,8.6,8.5,8.1
Malta,MLT,"Death rate, crude (per 1,000 people)",SP.DYN.CDRT.IN,9.4,10.1,9.5,10.2,8.4,7.8,7.2,7.5,7.8,7.3,7.7,7.9,8,8
Malta,MLT,Net migration,SM.POP.NETM,-6443,-3104,-1037,268,381,606,1530,1799,456,3049,9443,10854,10408,850
Malta,MLT,Population growth (annual %),SP.POP.GROW,-0.765568929336958,-0.543703456522926,0.734392579767725,1.04860267451293,1.75674824972899,0.978313699279678,0.697143006602962,0.645267230900854,0.637436918202842,0.49118281065151,2.38639536345808,2.21120767752363,0.619810315667809,2.39653483178468
Monaco,MCO,"Birth rate, crude (per 1,000 people)",SP.DYN.CBRT.IN,..,..,..,..,..,..,..,..,..,..,8.1,..,..,..
Monaco,MCO,"Death rate, crude (per 1,000 people)",SP.DYN.CDRT.IN,..,..,..,..,..,..,..,..,..,..,7.6,..,..,..
Monaco,MCO,Net migration,SM.POP.NETM,208,397,504,354,500,347,290,16,-137,823,1019,206,206,200
Monaco,MCO,Population growth (annual %),SP.POP.GROW,1.11820855898455,1.64091333717161,1.0317895654317,0.897798647808138,1.39828194947668,0.831034299140832,0.73005823579243,0.218936549624527,-0.295136676013591,2.36977191505581,1.78404621981199,-0.302883026724653,-0.641236845621864,-0.593262624459316
Nauru,NRU,"Birth rate, crude (per 1,000 people)",SP.DYN.CBRT.IN,28.609,25.464,22.519,24.804,29.662,32.239,29.66,28.792,28.894,34.435,31.856,28.364,27.56,26.785
Nauru,NRU,"Death rate, crude (per 1,000 people)",SP.DYN.CDRT.IN,9.182,8.101,7.991,8.581,9.23,7.833,6.897,8.238,8.569,8.214,6.933,6.602,6.633,6.582
Nauru,NRU,Net migration,SM.POP.NETM,221,-3,0,-71,26,71,-201,-223,-234,-252,-31,-68,-66,-140
Nauru,NRU,Population growth (annual %),SP.POP.GROW,5.67125733218736,2.35376442236089,1.44108824798874,0.643849540388848,2.28748263331499,3.08953900135972,0.407965597402228,-0.0578034698175388,-0.164625031127357,0.0781478988682006,2.21477979482578,1.49714417461665,1.57902257627617,1.24708713411304
Netherlands,NLD,"Birth rate, crude (per 1,000 people)",SP.DYN.CBRT.IN,19.9,18.3,13,12.8,12.3,13.2,12.3,13,11.5,11.1,10.1,9.7,10.2,9.5
Netherlands,NLD,"Death rate, crude (per 1,000 people)",SP.DYN.CDRT.IN,8,8.4,8.3,8.1,8.5,8.6,8.8,8.8,8.4,8.2,8.7,9.7,9.8,9.6
Netherlands,NLD,Net migration,SM.POP.NETM,8091,24024,32971,24210,19149,32373,38760,21650,13610,35628,57677,58816,57439,29998
Netherlands,NLD,Population growth (annual %),SP.POP.GROW,1.37266110512345,1.2389326613278,0.891389955359838,0.791331808142327,0.466326519882431,0.688603823438797,0.49392737251493,0.714770362784392,0.23366314793854,0.512923100553586,0.443220089035769,0.55554079025497,0.523490508168757,0.953278922854537
New Caledonia,NCL,"Birth rate, crude (per 1,000 people)",SP.DYN.CBRT.IN,34.5,35,31.1,26.2,23.4,25.6,21.9,21.4,17.4,16.7,15.6,14.7,14.5,14.1
New Caledonia,NCL,"Death rate, crude (per 1,000 people)",SP.DYN.CDRT.IN,8.7,9.3,7,7.2,5.8,5.4,5.3,5.1,4.9,4.8,5.4,5.7,7.3,7.1
New Caledonia,NCL,Net migration,SM.POP.NETM,291,1708,1579,-1379,48,953,1072,969,83,1709,-2230,-1182,-1182,500
New Caledonia,NCL,Population growth (annual %),SP.POP.GROW,2.68773177637466,7.41079721537218,1.13853222251254,1.11291760787245,1.82951852300004,2.36898913568499,2.26152221847957,1.90137437804069,1.51846735383173,1.53321542873142,0.524642605415484,-0.0590057547729274,-0.254861903148414,-0.435504436440432
New Zealand,NZL,"Birth rate, crude (per 1,000 people)",SP.DYN.CBRT.IN,22.9,22.1,18.3,16.2,15.9,17.5,15.77,14.66,13.96,14.68,13.23,11.32,11.48,11.49
New Zealand,NZL,"Death rate, crude (per 1,000 people)",SP.DYN.CDRT.IN,8.72,8.81,8.1,8.48,8.4,7.89,7.57,6.91,6.54,6.53,6.85,6.41,6.83,7.53
New Zealand,NZL,Net migration,SM.POP.NETM,9382,4590,12858,-15213,-13674,71491,26133,-6080,19148,6258,47165,38220,38220,12999
New Zealand,NZL,Population growth (annual %),SP.POP.GROW,1.64950611738654,1.35759226639106,1.94543372701951,0.125363651321035,0.617838918191614,0.92322272881111,1.46436378746179,0.587564086381346,1.12877350967992,1.1117260560215,2.0360339086492,2.20478869594563,0.413665247040229,0.115363946900346
Northern Mariana Islands,MNP,"Birth rate, crude (per 1,000 people)",SP.DYN.CBRT.IN,..,..,..,..,..,..,..,..,..,..,..,..,..,..
Northern Mariana Islands,MNP,"Death rate, crude (per 1,000 people)",SP.DYN.CDRT.IN,..,..,..,..,..,..,..,..,..,..,..,..,..,..
Northern Mariana Islands,MNP,Net migration,SM.POP.NETM,71,501,-175,1487,2669,-286,784,-1149,-4365,-3917,-866,-431,-431,-50
Northern Mariana Islands,MNP,Population growth (annual %),SP.POP.GROW,3.37026778402494,1.90102763970351,2.412790207134,6.56405873389949,10.8900440739668,4.56712050094959,1.94209032533967,5.23958252727563,-4.07796901122163,-5.34393804525569,-0.661703101237154,-0.545026237308475,-0.213994509732827,0.141368470106524
Norway,NOR,"Birth rate, crude (per 1,000 people)",SP.DYN.CBRT.IN,17.8,16.7,14.1,12.5,12.3,14.4,13.8,13.2,12.3,12.6,11.3,9.8,10.4,9.4
Norway,NOR,"Death rate, crude (per 1,000 people)",SP.DYN.CDRT.IN,9.4,10,10,10.1,10.7,10.9,10.4,9.8,8.9,8.5,7.8,7.5,7.8,8.4
Norway,NOR,Net migration,SM.POP.NETM,-1976,-1319,3311,3745,6558,1895,6522,9789,18467,42906,30329,10756,10604,27998
Norway,NOR,Population growth (annual %),SP.POP.GROW,0.777327076680891,0.726516019496402,0.551888897314436,0.321225575570377,0.299471500364252,0.344151412835214,0.519125519812519,0.649044821192665,0.681072964187373,1.24566617956207,0.995084736958414,0.588757324043059,0.534772281874925,0.898395220610608
Oman,OMN,"Birth rate, crude (per 1,000 people)",SP.DYN.CBRT.IN,51.962,49.935,51.577,53.353,49.338,36.588,28.157,24.787,21.383,23.421,21.316,18.791,18.419,17.706
Oman,OMN,"Death rate, crude (per 1,000 people)",SP.DYN.CDRT.IN,24.507,19.385,15.205,10.702,6.982,4.541,3.549,3.156,2.914,2.585,2.205,3.025,3.796,3.279
Oman,OMN,Net migration,SM.POP.NETM,-2997,-2997,5632,12626,33818,33492,-15515,-19889,-630,264095,134260,-164408,-20664,0
Oman,OMN,Population growth (annual %),SP.POP.GROW,2.21082498176929,2.58266726200911,4.21862056881238,5.46487388114531,6.09212580368761,5.1561545139319,1.81119013610918,1.35943683310458,1.85946621776946,6.61155222833165,4.45160788841889,-1.29824513056146,-0.5059218392323,1.22741823795981
Palau,PLW,"Birth rate, crude (per 1,000 people)",SP.DYN.CBRT.IN,..,..,..,..,..,21.6,23.2,14.5,14,11.9,13.7,12.1,12.7,8.8
Palau,PLW,"Death rate, crude (per 1,000 people)",SP.DYN.CDRT.IN,..,..,..,..,..,7.7,6.4,6.5,6.7,8.1,7.7,8.4,9.7,11.4
Palau,PLW,Net migration,SM.POP.NETM,18,81,-269,-156,185,169,283,79,-277,-356,8,7,3,-20
Palau,PLW,Population growth (annual %),SP.POP.GROW,2.3467386018567,1.83800956713655,-0.435316687280262,-0.3910073407843,2.56110201253732,2.22157896887967,2.58409269476565,1.76959560691815,-0.382505876810364,-1.53083329873194,-0.0112391121219639,0.312082286285984,0.288921192202971,0.171845159947773
Panama,PAN,"Birth rate, crude (per 1,000 people)",SP.DYN.CBRT.IN,40.501,37.279,33.286,30.485,29.066,27.031,24.898,23.538,22.333,21.165,20.111,17.919,17.692,17.4
Panama,PAN,"Death rate, crude (per 1,000 people)",SP.DYN.CDRT.IN,8.525,7.654,6.305,5.839,5.439,5.374,5.057,4.768,4.526,4.755,4.875,5.747,6.067,5.904
Panama,PAN,Net migration,SM.POP.NETM,-2454,-2476,-2635,-2701,-2297,-854,1221,2602,3843,4953,8648,5473,5473,7967
Panama,PAN,Population growth (annual %),SP.POP.GROW,3.02848416746145,2.82432415121711,2.58074921477959,2.33535160087889,2.27821488840633,2.12168289397178,2.03382140422601,1.97188791278722,1.91043496107333,1.78967209984493,1.74123543377264,1.4510521369147,1.3156150150044,1.30858019134362
Poland,POL,"Birth rate, crude (per 1,000 people)",SP.DYN.CBRT.IN,17.4,16.8,19,19.6,18.3,14.4,11.2,9.9,9.5,10.9,9.7,9.4,8.8,8.3
Poland,POL,"Death rate, crude (per 1,000 people)",SP.DYN.CDRT.IN,7.4,8.2,8.7,9.8,10.3,10.2,10,9.6,9.6,9.9,10.4,12.6,13.8,12.2
Poland,POL,Net migration,SM.POP.NETM,-18112,-71601,-28852,-12083,-12963,-41244,-48065,315602,-21324,-8835,-25426,-779,-2968,3366387
Poland,POL,Population growth (annual %),SP.POP.GROW,0.976289383725576,0.355759845018321,0.99359553240035,0.923267472012982,0.803585474669463,0.392398205207372,0.13572103385363,-1.04433539837844,-0.043948953332248,-0.285609121534849,-0.0666411009657168,-0.175062058196296,-0.401728616642455,-2.48206113275772
Portugal,PRT,"Birth rate, crude (per 1,000 people)",SP.DYN.CBRT.IN,23.4,20.8,19.8,16.2,13,11.7,10.7,11.7,10.4,9.6,8.3,8.2,7.7,8
Portugal,PRT,"Death rate, crude (per 1,000 people)",SP.DYN.CDRT.IN,10.6,10.7,10.8,9.7,9.7,10.3,10.3,10.2,10.2,10,10.5,12,12,11.9
Portugal,PRT,Net migration,SM.POP.NETM,-123211,-193554,43650,29423,-16080,-33704,30130,63195,17155,-11820,-10124,40535,27295,9999
Portugal,PRT,Population growth (annual %),SP.POP.GROW,-0.407786764016639,-0.886270250512273,3.80041403952037,1.08143206705044,0.273538751901793,-0.217948479672573,0.346203938301886,0.702859953319024,0.185532266654625,0.0459100367184907,-0.414141101993213,0.10511412524675,0.626850165433157,0.460948935788035
Puerto Rico,PRI,"Birth rate, crude (per 1,000 people)",SP.DYN.CBRT.IN,30.7,24.8,23.8,22.8,19.4,18.5,17,15.59,12.96,11.3,9,6,5.9,5.9
Puerto Rico,PRI,"Death rate, crude (per 1,000 people)",SP.DYN.CDRT.IN,6.8,6.7,6.5,6.4,7.1,7.3,8.1,7.48,7.6,7.833,8.084,10.131,10.2,11
Puerto Rico,PRI,Net migration,SM.POP.NETM,-24941,-7771,-383,-8196,-13613,-8238,-8680,-22489,-33430,-33742,-64764,-7408,-7408,16702
Puerto Rico,PRI,Population growth (annual %),SP.POP.GROW,1.55144868010407,1.25322114449074,1.84391684512292,1.18958028431993,0.976322961324904,0.890295757233682,0.923749875729803,0.276558688867414,-0.144242360500613,-0.506170056982176,-1.75920825815177,2.71397643163413,-0.576507689869367,-1.3136475878955
Qatar,QAT,"Birth rate, crude (per 1,000 people)",SP.DYN.CBRT.IN,50.527,47.523,34.56,31.042,27.224,24.502,20.692,19.18,16.005,10.803,10.328,10.895,9.816,9.091
Qatar,QAT,"Death rate, crude (per 1,000 people)",SP.DYN.CDRT.IN,8.843,6.596,4.217,3.249,2.618,2.241,2.301,2.278,2.073,1.263,1.032,1.219,1.311,1.08
Qatar,QAT,Net migration,SM.POP.NETM,5082,10398,10070,9672,8632,5021,4893,22039,106609,64531,178133,-163999,-30801,0
Qatar,QAT,Population growth (annual %),SP.POP.GROW,11.9645030573634,12.1394207140241,8.41652437241879,6.35447218536517,4.93778437890037,3.40338936545745,2.84519534565487,5.18445021336724,8.70642929198329,6.21360458813461,8.65116205432081,-1.68298503942558,-2.64853183197257,0.255862791830044
Romania,ROU,"Birth rate, crude (per 1,000 people)",SP.DYN.CBRT.IN,14.6,21.1,19.6,18,15.8,13.6,10.4,10.4,10.4,10.5,10.2,10.3,10.1,9.6
Romania,ROU,"Death rate, crude (per 1,000 people)",SP.DYN.CDRT.IN,8.6,9.5,9.3,10.4,10.9,10.6,12,11.4,12.3,12.8,13.2,15.5,17.5,14.3
Romania,ROU,Net migration,SM.POP.NETM,-12261,-10510,58626,-19516,-29179,-39265,-75823,-91807,-129933,-112173,-49612,-12724,-12724,916813
Romania,ROU,Population growth (annual %),SP.POP.GROW,0.592612643075023,1.19852285419382,1.24829220616137,0.527314447799743,0.407515550779296,0.17417662808295,-0.20231879638046,-0.129440039806255,-0.61753095660306,-0.593959183588628,-0.470052227864654,-0.550759892541776,-0.746036478523061,-0.393250873813944
Russian Federation,RUS,"Birth rate, crude (per 1,000 people)",SP.DYN.CBRT.IN,16.211,14.725,16.079,15.9,16.6,13.4,9.3,8.7,10.2,12.5,13.3,9.8,9.6,8.9
Russian Federation,RUS,"Death rate, crude (per 1,000 people)",SP.DYN.CDRT.IN,7.72,8.808,9.841,11,11.3,11.2,15,15.3,16.1,14.2,13,14.6,16.7,12.9
Russian Federation,RUS,Net migration,SM.POP.NETM,-154888,-243934,74147,5810,220025,257950,544803,404928,244437,253479,384942,340711,320617,942445
Russian Federation,RUS,Population growth (annual %),SP.POP.GROW,1.11072584654368,0.569083468255144,0.573923976270934,0.709655479527404,0.776688028447148,0.168017665366762,-0.0216487632128753,-0.420614990249978,-0.381452794741516,0.0448964884428055,0.279352077762368,-0.143202031827637,-0.343724409889771,-0.352843110363082
San Marino,SMR,"Birth rate, crude (per 1,000 people)",SP.DYN.CBRT.IN,..,..,..,..,..,..,..,..,9.5,10.3,8.2,6.4,6.2,6.1
San Marino,SMR,"Death rate, crude (per 1,000 people)",SP.DYN.CDRT.IN,..,..,..,..,..,..,..,..,7.3,6.5,7.1,9.9,9.1,7.8
San Marino,SMR,Net migration,SM.POP.NETM,170,-449,218,173,164,273,275,386,381,641,317,-138,41,100
San Marino,SMR,Population growth (annual %),SP.POP.GROW,2.02936874632333,-1.27968496827538,1.85520839947677,1.22076316298951,0.65408357333707,1.43248340439587,1.42047268115728,1.57442145947664,1.41638176095381,1.75216316570038,0.540630657141614,-0.501577644647767,-0.773412758286969,-0.252206943270995
Saudi Arabia,SAU,"Birth rate, crude (per 1,000 people)",SP.DYN.CBRT.IN,50.763,49.833,48.191,43.154,39.306,34.413,30.016,27.656,23.058,21.894,19.524,18.238,17.473,16.919
Saudi Arabia,SAU,"Death rate, crude (per 1,000 people)",SP.DYN.CDRT.IN,18.542,15.373,11.533,8.301,6.207,4.849,3.982,3.482,2.879,2.498,2.542,2.913,2.864,2.752
Saudi Arabia,SAU,Net migration,SM.POP.NETM,28951,63988,132741,148004,163926,186898,27095,17241,481349,236962,60337,-1025295,-153883,28998
Saudi Arabia,SAU,Population growth (annual %),SP.POP.GROW,3.76125821985448,4.37434405322606,5.38504263113084,4.93416394328036,4.60295582348301,4.15606854882255,2.79878485344488,2.52723635699494,3.06242987376478,3.20649410639241,1.92462213676111,0.472667096302666,-0.129847471045763,1.2670953577821
Seychelles,SYC,"Birth rate, crude (per 1,000 people)",SP.DYN.CBRT.IN,..,..,30.5,28.9,26.5,23.1,21,18.6,18.5,16.8,17,15.8,16.8,13.1
Seychelles,SYC,"Death rate, crude (per 1,000 people)",SP.DYN.CDRT.IN,..,..,7.3,7,7.2,7.7,7,6.8,8.1,7.4,7.5,6.8,9.3,7.8
Seychelles,SYC,Net migration,SM.POP.NETM,56,167,93,-599,-601,-320,-48,376,251,376,245,146,146,-200
Seychelles,SYC,Population growth (annual %),SP.POP.GROW,2.51127008150753,2.33106388516473,2.31181763519904,0.913088830947179,0.811016979877327,0.490359665520713,1.47017208971374,0.892658566766174,0.463308214458562,2.79232906929128,2.22979505321923,0.853707878128979,0.805183391179401,..
Singapore,SGP,"Birth rate, crude (per 1,000 people)",SP.DYN.CBRT.IN,29.5,22.1,17.7,17.6,16.6,18.2,15.6,13.7,10.2,9.3,9.7,8.5,8.6,7.9
Singapore,SGP,"Death rate, crude (per 1,000 people)",SP.DYN.CDRT.IN,5.4,5.2,5.1,4.9,4.9,4.7,4.8,4.5,4.4,4.4,4.8,5.2,5.8,6.3
Singapore,SGP,Net migration,SM.POP.NETM,422,607,1104,17373,31389,44423,67448,39387,80422,109045,40958,21324,19321,26998
Singapore,SGP,Population growth (annual %),SP.POP.GROW,2.43005118260502,1.55489873401336,1.46026991588953,1.26923429916508,0.136645170706526,3.88909360745296,3.03781348481124,1.73204223254257,2.35051128857175,1.77183287926401,1.18637693749822,-0.311904961250833,-4.17033630017526,3.30862052439523
Sint Maarten (Dutch part),SXM,"Birth rate, crude (per 1,000 people)",SP.DYN.CBRT.IN,25.216,26.489,26.956,26.725,24.096,23.334,21.217,16.118,12.8,13.1,12.9,10,8.7,8.1
Sint Maarten (Dutch part),SXM,"Death rate, crude (per 1,000 people)",SP.DYN.CDRT.IN,8.514,5.022,4.37,4.722,3.844,3.744,3.975,3.745,3.4,4.1,5.4,5.5,5.6,6
Sint Maarten (Dutch part),SXM,Net migration,SM.POP.NETM,301,336,412,438,1237,1402,-719,-594,11,-62,1027,475,212,0
Sint Maarten (Dutch part),SXM,Population growth (annual %),SP.POP.GROW,8.7863808109081,7.71847083202921,6.90249531025845,5.89617888030037,8.70876779205381,7.04047391086295,-0.43896424562607,-1.83437768672749,1.59700488726039,-0.532990982673547,2.98022317393175,1.75508892692257,0.883323861372725,0.441198813629339
Slovak Republic,SVK,"Birth rate, crude (per 1,000 people)",SP.DYN.CBRT.IN,19.3,17.8,20.6,19.1,17.5,15.1,11.5,10.2,10.1,11.2,10.3,10.4,10.4,9.7
Slovak Republic,SVK,"Death rate, crude (per 1,000 people)",SP.DYN.CDRT.IN,8.2,9.3,9.5,10.2,10.2,10.3,9.8,9.8,10,9.9,9.9,10.8,13.5,11
Slovak Republic,SVK,Net migration,SM.POP.NETM,-9248,-5293,-4945,-6420,-6829,-10132,-591,-1135,-219,-1558,2637,1746,1746,425001
Slovak Republic,SVK,Population growth (annual %),SP.POP.GROW,1.00346609779566,0.433176523644296,1.04961038811862,0.823532690227528,0.673954439753091,0.439617094726275,0.29263220653253,-0.135376487794425,0.00980913417308711,0.0931912731899838,0.0950338786482762,0.0857694756149868,-0.212358807611049,-0.284860959688394
Slovenia,SVN,"Birth rate, crude (per 1,000 people)",SP.DYN.CBRT.IN,18.5,15.9,16.6,15.7,13.4,11.2,9.5,9.1,9.1,10.9,10,8.9,9,8.3
Slovenia,SVN,"Death rate, crude (per 1,000 people)",SP.DYN.CDRT.IN,9.7,10.1,10.1,9.9,10.2,9.3,9.5,9.3,9.4,9.1,9.6,11.4,11,10.6
Slovenia,SVN,Net migration,SM.POP.NETM,699,2869,3680,4266,1375,1718,-763,-1562,8289,7640,7934,7681,4568,2000
Slovenia,SVN,Population growth (annual %),SP.POP.GROW,1.03899603291351,0.640755485966657,0.977621392692378,0.989248309059707,0.489804905359526,0.0906243427921073,0.0215614999899353,0.29607496005045,0.173208905073743,0.43607948463593,0.075190689011533,0.669754656164979,0.268851969969908,0.185163077643301
Spain,ESP,"Birth rate, crude (per 1,000 people)",SP.DYN.CBRT.IN,21.1,19.5,18.7,15.2,11.9,10.3,9.1,9.8,10.6,10.4,9,7.2,7.1,6.9
Spain,ESP,"Death rate, crude (per 1,000 people)",SP.DYN.CDRT.IN,8.4,8.3,8.3,7.7,8.1,8.6,8.7,8.9,8.8,8.2,9.1,10.4,9.5,9.7
Spain,ESP,Net migration,SM.POP.NETM,-36245,-53295,1177,15108,-17354,-38206,164507,175213,632974,62782,-871,208791,275022,39998
Spain,ESP,Population growth (annual %),SP.POP.GROW,1.08584474209375,1.11063144876766,1.08129360308283,0.802963561910836,0.362365564916491,0.101828842607043,0.441365749537872,0.447137014535835,1.68934904712031,0.460408305051304,-0.077588861590047,0.488502131838585,0.105799194264084,0.761701877296859
St. Kitts and Nevis,KNA,"Birth rate, crude (per 1,000 people)",SP.DYN.CBRT.IN,38.018,26.881,29.174,27.931,26.832,23.939,20.17,18.436,16.253,14.789,13.583,12.418,12.125,11.823
St. Kitts and Nevis,KNA,"Death rate, crude (per 1,000 people)",SP.DYN.CDRT.IN,12.441,12.066,11.69,12.795,11.532,12.211,10.709,9.249,8.46,9.24,9.763,10.036,10.181,10.078
St. Kitts and Nevis,KNA,Net migration,SM.POP.NETM,-2656,-1280,-929,-799,-894,-861,143,248,-222,-160,-191,-191,-90,20
St. Kitts and Nevis,KNA,Population growth (annual %),SP.POP.GROW,-2.35403333335796,-2.56207553307452,-0.382061776493297,-0.419103363091393,-0.558422727928259,-0.872255248502509,1.29864274956476,1.4088796051579,0.310808888543171,0.247124923790409,0.00209250986102061,-0.146821344830063,-0.0755921420171568,0.107072010901133
St. Martin (French part),MAF,"Birth rate, crude (per 1,000 people)",SP.DYN.CBRT.IN,36.385,37.465,33.821,32.936,34.77,33.522,26.977,24.587,21.476,18.63,18.462,15.768,15.053,14.414
St. Martin (French part),MAF,"Death rate, crude (per 1,000 people)",SP.DYN.CDRT.IN,6.33,5.026,4.886,4.323,3.402,2.748,2.911,3.63,3.527,3.718,4.257,4.788,4.911,5.101
St. Martin (French part),MAF,Net migration,SM.POP.NETM,38,-35,56,-27,2009,2,-704,159,150,-447,-662,-949,-948,0
St. Martin (French part),MAF,Population growth (annual %),SP.POP.GROW,3.49582870332754,2.72553558679146,3.19037971904244,2.65848338110614,16.6863190322604,6.70469679879465,0.187027173449342,1.74083327876863,2.28282449439949,0.898201382313273,-0.685821045858366,-1.72979919917872,-1.87599492510377,-0.49263501943339
Sweden,SWE,"Birth rate, crude (per 1,000 people)",SP.DYN.CBRT.IN,15.9,13.7,12.6,11.7,11.8,14.5,11.7,10.2,11.2,12.3,11.7,10.9,11,10
Sweden,SWE,"Death rate, crude (per 1,000 people)",SP.DYN.CDRT.IN,10.1,9.9,10.8,11,11.3,11.1,10.6,10.5,10.2,9.6,9.3,9.5,8.8,9
Sweden,SWE,Net migration,SM.POP.NETM,19129,15779,10588,11174,14534,17724,22161,27734,39103,60639,77987,81066,80097,39998
Sweden,SWE,Population growth (annual %),SP.POP.GROW,0.941845548835765,0.933484921810651,0.3972757346008,0.202996791804766,0.165170618633822,0.772602675661167,0.524703941553734,0.160575484575313,0.399942762807279,0.852524628765313,1.05745468551674,0.722703912882934,0.600591532839468,0.68058286829853
Switzerland,CHE,"Birth rate, crude (per 1,000 people)",SP.DYN.CBRT.IN,19.1,16.1,12.4,11.7,11.5,12.5,11.7,10.9,9.8,10.3,10.5,9.9,10.3,9.4
Switzerland,CHE,"Death rate, crude (per 1,000 people)",SP.DYN.CDRT.IN,9.5,9.2,8.8,9.4,9.2,9.5,9,8.7,8.2,8,8.2,8.8,8.2,8.5
Switzerland,CHE,Net migration,SM.POP.NETM,-1040,-18454,-58461,17242,14005,58538,24956,24066,32421,75604,71488,53786,23872,39998
Switzerland,CHE,Population growth (annual %),SP.POP.GROW,1.15484251419216,0.722403830625566,-0.0437380434174903,0.397074418637607,0.441442667641394,1.02687307219521,0.668242326234317,0.561954617400164,0.640601540243491,1.0415580576588,1.13833715247736,0.730676195047382,0.765501039496593,0.814795736256849
Trinidad and Tobago,TTO,"Birth rate, crude (per 1,000 people)",SP.DYN.CBRT.IN,32.066,26.675,27.172,29.626,27.904,20.582,16.251,15.211,14.903,14.842,13.604,11.946,11.687,11.382
Trinidad and Tobago,TTO,"Death rate, crude (per 1,000 people)",SP.DYN.CDRT.IN,7.68,7.687,6.943,6.879,7.004,6.694,6.503,6.98,6.543,6.708,6.797,7.9,9.131,8.097
Trinidad and Tobago,TTO,Net migration,SM.POP.NETM,-8077,-8751,-7768,-10709,-8051,-7878,-6723,-5185,-3595,-2230,-583,2370,2632,-800
Trinidad and Tobago,TTO,Population growth (annual %),SP.POP.GROW,1.6356647790464,1.04172055898979,1.310809731464,1.38760048381645,1.26131243924535,0.817215123266559,0.492792890613201,0.386573317672307,0.578923597211151,0.64770221814423,0.653834662094362,-0.119021692717152,0.493855744994371,0.352078596904598
Turks and Caicos Islands,TCA,"Birth rate, crude (per 1,000 people)",SP.DYN.CBRT.IN,36.068,30.788,29.973,29.347,30.938,29.309,27.251,23.646,18.087,13.702,12.816,12.685,12.476,12.27
Turks and Caicos Islands,TCA,"Death rate, crude (per 1,000 people)",SP.DYN.CDRT.IN,11.193,13.368,6.983,6.82,6.3,6.216,6.222,4.463,3.802,5.592,6.833,8.823,9.241,9.04
Turks and Caicos Islands,TCA,Net migration,SM.POP.NETM,-134,-88,62,150,177,291,382,418,794,899,1663,682,682,200
Turks and Caicos Islands,TCA,Population growth (annual %),SP.POP.GROW,0.141693257854508,0.0353107348301677,3.181370660316,3.56367247879752,4.386340445255,4.20361853899452,4.7393880966977,4.1391227494214,4.80631936359624,3.92799223339511,4.3433416716518,2.73839172351897,1.87498501005673,1.29713216358649
United Arab Emirates,ARE,"Birth rate, crude (per 1,000 people)",SP.DYN.CBRT.IN,39.36,33.432,29.163,30.66,29.488,25.923,19.508,16.66,15.206,13.665,11.478,10.62,10.307,9.888
United Arab Emirates,ARE,"Death rate, crude (per 1,000 people)",SP.DYN.CDRT.IN,11.812,7.668,5.638,3.913,3.108,2.704,2.559,2.107,1.563,0.795,1.014,1.766,1.874,1.865
United Arab Emirates,ARE,Net migration,SM.POP.NETM,3866,38490,39556,79756,35496,64939,64261,131735,339380,-13726,-14154,-2762,-2762,0
United Arab Emirates,ARE,Population growth (annual %),SP.POP.GROW,5.00956990591286,16.2954748453481,9.94474064466588,10.9963468210741,5.29949316212603,5.86903318464931,4.40817686960834,5.58038700101525,6.95572689795874,5.93976536580988,0.911950036242349,0.817694385518168,0.834812788038646,0.808075150558113
United Kingdom,GBR,"Birth rate, crude (per 1,000 people)",SP.DYN.CBRT.IN,18.3,16.2,12.4,13.4,13.3,13.9,12.6,11.5,12,12.9,11.9,10.1,10.1,10
United Kingdom,GBR,"Death rate, crude (per 1,000 people)",SP.DYN.CDRT.IN,11.6,11.8,11.8,11.7,11.9,11.2,11.1,10.3,9.6,8.9,9.2,10.1,9.7,9.1
United Kingdom,GBR,Net migration,SM.POP.NETM,-24045,-26696,-19790,-12117,-8661,-701,48732,161157,261300,281588,254218,211063,202027,165790
United Kingdom,GBR,Population growth (annual %),SP.POP.GROW,0.642468779443559,0.39872245794476,-0.00742336272019876,0.119517254129019,0.226951225450001,0.298930554095876,0.264547416858702,0.357300887421605,0.68661130607346,0.783888646646516,0.792367505802859,0.365758263815142,-0.0819372405302065,1.13444824466953
United States,USA,"Birth rate, crude (per 1,000 people)",SP.DYN.CBRT.IN,19.4,18.4,14.6,15.9,15.8,16.7,14.6,14.4,14,13,12.4,10.9,11,11
United States,USA,"Death rate, crude (per 1,000 people)",SP.DYN.CDRT.IN,9.4,9.5,8.8,8.8,8.7,8.6,8.8,8.5,8.3,7.995,8.44,10.27,10.4,9.8
United States,USA,Net migration,SM.POP.NETM,497365,937473,832170,1123144,759118,1421775,1678815,1479676,1129462,1030731,1221849,675560,561580,998540
United States,USA,Population growth (annual %),SP.POP.GROW,1.25017164562845,1.16500266687286,0.985986067347125,0.959589922764484,0.886129040850881,1.12965052045579,1.19078709090209,1.11276899679534,0.921713167161207,0.829616674709795,0.73621730882542,0.968999515833015,0.157342694282194,0.367472693654024
Uruguay,URY,"Birth rate, crude (per 1,000 people)",SP.DYN.CBRT.IN,21.126,19.461,21.443,18.422,17.808,17.62,17.608,15.768,15.103,14.264,14.216,10.339,10.473,10.419
Uruguay,URY,"Death rate, crude (per 1,000 people)",SP.DYN.CDRT.IN,9.604,9.585,9.846,9.525,9.423,9.388,9.363,9.124,9.166,9.369,9.559,9.432,12.162,9.879
Uruguay,URY,Net migration,SM.POP.NETM,-3544,-12730,-14348,-14254,-8838,-7498,-8333,-11074,-16092,-7696,-4156,-1486,-1486,-1500
Uruguay,URY,Population growth (annual %),SP.POP.GROW,1.05202681269091,0.586175271058923,0.641304713746582,0.441803972151439,0.529236923536451,0.615393884809994,0.57375265725676,0.403611037153845,0.116535331321663,0.253703132150146,0.328384512874787,0.0197448194187447,-0.0824466091158564,-0.101211066400464
Virgin Islands (U.S.),VIR,"Birth rate, crude (per 1,000 people)",SP.DYN.CBRT.IN,33.1,31.2,28.1,25.8,25,21.4,18.7,14.4,14.8,14.8,13.2,12.1,11.8,11.6
Virgin Islands (U.S.),VIR,"Death rate, crude (per 1,000 people)",SP.DYN.CDRT.IN,8.4,6.8,5.2,5.2,5,4.625,5.025,6,6.1,6.6,7.3,8.4,8.6,8.8
Virgin Islands (U.S.),VIR,Net migration,SM.POP.NETM,2116,1225,1517,-105,-1529,-1583,144,-921,-429,-1090,-630,0,-224,-450
Virgin Islands (U.S.),VIR,Population growth (annual %),SP.POP.GROW,6.40788566845224,5.13297779674561,4.92766081912502,3.52709181889148,0.158919381877072,2.85086915459893,0.464823088884965,0.0395873712251061,-0.0119860408867403,-0.0433657352905335,-0.157703864887906,-0.35593743409178,-0.395928119020198,-0.432595819529278
